N_reads,dist,N_observed_C,N_technical_C,N_observed_aa,N_technical_aa,Total_codon_eff,Total_aa_eff
100M,1,5337,5337,4300,4300,100,100
100M,1+2,12616,21348,7437,10349,59.0968709012554,71.8620156536864
100M,1+2+3,12692,37359,7451,11860,33.9730720843706,62.8246205733558
