N_reads,dist,N_observed_C,N_technical_C,N_observed_aa,N_technical_aa,Total_codon_eff,Total_aa_eff
100M,1,5337,5337,4300,4300,100,100
100M,1+2,9969,21348,6270,10349,46.6975829117482,60.5855638225916
100M,1+2+3,10025,37359,6281,11860,26.8342300382773,52.9595278246206
